MaKH,TenKH,SoDienThoai,DiaChi
,Nguyễn Thị Bảo Trân,0901123456,123 Lê Văn Sỹ P.14 Q.3 TP HCM
,Trần Văn Đức,0911123457,456 Nguyễn Oanh P.6 Q.Gò Vấp TP HCM
,Lê Thị Phương Thảo,0921123458,789 Trường Chinh P.14 Q.Tân Bình TP HCM
,Phạm Hoàng Nam,0931123459,234 Phạm Văn Hai P.5 Q.Tân Bình TP HCM
,Hoàng Minh Tuấn,0941123460,567 Lũy Bán Bích P.8 Q.Tân Phú TP HCM
,Võ Thị Thanh Hương,0951123461,890 Kinh Dương Vương P.An Lạc Q.Bình Tân TP HCM
,Đỗ Quốc Bảo,0961123462,123 Quốc lộ 1A P.Bình Hưng Hòa Q.Bình Tân TP HCM
,Bùi Thị Mỹ Linh,0971123463,456 Nguyễn Văn Quá P.Đông Hưng Thuận Q.12 TP HCM
,Đặng Văn Hùng,0981123464,789 Hồ Học Lãm P.An Lạc Q.Bình Tân TP HCM
,Ngô Thị Kim Ngân,0991123465,234 Tân Kỳ Tân Quý P.Sơn Kỳ Q.Tân Phú TP HCM
,Phan Văn Tài,0811123466,567 Cách Mạng Tháng 8 P.5 Q.Tân Bình TP HCM
,Đoàn Thị Hồng Nhung,0821123467,890 Lê Trọng Tấn P.La Khê Q.Hà Đông Hà Nội
,Tô Văn Khánh,0831123468,123 Điện Biên Phủ P.Thanh Bình Hải Phòng
,Vương Thị Ánh Tuyết,0841123469,456 Nguyễn Trãi P.Thanh Xuân Trung Q.Thanh Xuân Hà Nội
,Dương Văn Lợi,0851123470,789 Hoàng Quốc Việt Nghĩa Đô Q.Cầu Giấy Hà Nội
,Lý Thị Hồng Đào,0861123471,234 Lê Lợi P.Bến Nghé Q.1 TP HCM
,Bạch Văn Phúc,0871123472,567 Hai Bà Trưng P.Bến Nghé Q.1 TP HCM
,Huỳnh Thị Tuyết Mai,0881123473,890 Nguyễn Huệ P.Bến Nghé Q.1 TP HCM
,Tiêu Văn Hiệp,0891123474,123 Đồng Khởi P.Bến Nghé Q.1 TP HCM
,Tạ Thị Bích Trâm,0701123475,456 Lê Thánh Tôn P.Bến Nghé Q.1 TP HCM